load,episode,mean_reward,std_reward,n_seeds,mean_latency,std_latency,mean_gap,std_gap,n
load_0.30,1.0,-12.935701666324247,2.6256542022910603,5.0,,,,,
load_0.30,2.0,-7.807791462210602,3.699751067817204,5.0,,,,,
load_0.30,3.0,-12.566351336605278,1.4664100230470103,5.0,,,,,
load_0.30,4.0,-12.299343554210823,3.0897817813157302,5.0,,,,,
load_0.30,5.0,-12.224595852485653,1.7823257504698626,5.0,,,,,
load_0.30,6.0,-9.471424912534436,3.531298288984557,5.0,,,,,
load_0.30,7.0,-6.779013782377156,3.915665702041133,5.0,,,,,
load_0.30,8.0,-7.068199512417452,4.374212893946009,5.0,,,,,
load_0.30,9.0,-9.785414471224732,3.401159914064807,5.0,,,,,
load_0.30,10.0,-10.381894373868525,3.75642172622554,5.0,,,,,
load_0.30,11.0,-6.354597896532765,5.255779643997206,5.0,,,,,
load_0.30,12.0,-6.370023419203748,5.286630689339171,5.0,,,,,
load_0.30,13.0,-7.495058154668099,4.6153853245504335,5.0,,,,,
load_0.30,14.0,-9.141784847517762,5.144380461691359,5.0,,,,,
load_0.30,15.0,-8.81146501664388,3.0315046991251418,5.0,,,,,
load_0.30,16.0,-9.24517701706319,4.516216330996025,5.0,,,,,
load_0.30,17.0,-9.914195153583616,3.444712084460017,5.0,,,,,
load_0.30,18.0,-9.319117761877212,4.567751052854223,5.0,,,,,
load_0.30,19.0,-8.228341232964556,5.640823871018485,5.0,,,,,
load_0.30,20.0,-11.004081478738147,5.155655872194251,5.0,,,,,
load_0.30,21.0,-9.153934188165824,5.123959775084462,5.0,,,,,
load_0.30,22.0,-8.99791324120235,6.4559275654655774,5.0,,,,,
load_0.30,23.0,-10.559164683917237,4.382962024426706,5.0,,,,,
load_0.30,24.0,-8.288425448239723,5.693698638315584,5.0,,,,,
load_0.30,25.0,-8.192442147179545,5.621285382332689,5.0,,,,,
load_0.30,26.0,-7.328065986857382,4.416792077472321,5.0,,,,,
load_0.30,27.0,-8.631893711538597,4.213030884365179,5.0,,,,,
load_0.30,28.0,-11.129743554500852,5.089014583420979,5.0,,,,,
load_0.30,29.0,-8.192442147179545,5.621285382332689,5.0,,,,,
load_0.30,30.0,-7.60661964850175,3.546435270713952,5.0,,,,,
load_0.30,31.0,-7.482954354216919,4.603814612412054,5.0,,,,,
load_0.30,32.0,-10.412917723311704,4.449761591348342,5.0,,,,,
load_0.30,33.0,-7.747098092138456,3.603117671327851,5.0,,,,,
load_0.30,34.0,-9.619954134812932,4.211632380965026,5.0,,,,,
load_0.30,35.0,-9.376353808300198,4.616311529446354,5.0,,,,,
load_0.30,36.0,-7.534278962672912,4.664270509373965,5.0,,,,,
load_0.30,37.0,-9.52358048628346,5.220323712515144,5.0,,,,,
load_0.30,38.0,-7.49669903390141,4.617414196045639,5.0,,,,,
load_0.30,39.0,-8.288425448239725,5.693698638315584,5.0,,,,,
load_0.30,40.0,-7.527722383344596,5.21432687304035,5.0,,,,,
load_0.30,41.0,-7.343545613564418,5.132017023957677,5.0,,,,,
load_0.30,42.0,-6.342567743158371,5.2317193372484185,5.0,,,,,
load_0.30,43.0,-4.767961557738939,2.0825069664095546,5.0,,,,,
load_0.30,44.0,-5.549126802509962,3.644837455951599,5.0,,,,,
load_0.30,45.0,-6.323200296697317,5.19298444432631,5.0,,,,,
load_0.30,46.0,-6.5653661652969735,3.761900199830934,5.0,,,,,
load_0.30,47.0,-7.50026670729922,5.164803842608359,5.0,,,,,
load_0.30,48.0,-6.370023419203748,5.286630689339171,5.0,,,,,
load_0.30,49.0,-5.600451410965954,3.7474866728635856,5.0,,,,,
load_0.30,50.0,-7.343545613564419,5.132017023957676,5.0,,,,,
load_0.30,51.0,-9.374202572188988,5.160087975362407,5.0,,,,,
load_0.30,52.0,-5.549126802509962,3.644837455951599,5.0,,,,,
load_0.30,53.0,-5.600451410965954,3.7474866728635856,5.0,,,,,
load_0.30,54.0,-7.319512650863783,5.126020120400684,5.0,,,,,
load_0.30,55.0,-6.625450380572138,3.866657530415479,5.0,,,,,
load_0.30,56.0,-7.307482497489389,5.103622828659256,5.0,,,,,
load_0.30,57.0,-5.549126802509962,3.644837455951599,5.0,,,,,
load_0.30,58.0,-5.600451410965954,3.7474866728635856,5.0,,,,,
load_0.30,59.0,-6.370023419203748,5.286630689339171,5.0,,,,,
load_0.30,60.0,-6.782792492604419,3.899303867409025,5.0,,,,,
load_0.30,61.0,-9.4908014495339,4.223658919052588,5.0,,,,,
load_0.30,62.0,-7.445374425445418,4.555913290266494,5.0,,,,,
load_0.30,63.0,-8.492637137675615,4.855732395367819,5.0,,,,,
load_0.30,64.0,-5.549126802509962,3.644837455951599,5.0,,,,,
load_0.30,65.0,-6.323200296697317,5.19298444432631,5.0,,,,,
load_0.30,66.0,-5.600451410965954,3.7474866728635856,5.0,,,,,
load_0.30,67.0,-6.354597896532765,5.255779643997206,5.0,,,,,
load_0.30,68.0,-5.622955697469619,3.7924952458709136,5.0,,,,,
load_0.30,69.0,-4.767961557738939,2.0825069664095546,5.0,,,,,
load_0.30,70.0,-5.621314818236306,3.7892134874042895,5.0,,,,,
load_0.30,71.0,-3.7267080745341614,4.440892098500626e-16,5.0,,,,,
load_0.30,72.0,-4.884407038675011,2.315397928281698,5.0,,,,,
load_0.30,73.0,-4.909049156172626,2.364682163276928,5.0,,,,,
load_0.30,74.0,-3.7267080745341614,4.440892098500626e-16,5.0,,,,,
load_0.30,75.0,-4.767961557738939,2.082506966409555,5.0,,,,,
load_0.30,76.0,-4.909049156172626,2.364682163276928,5.0,,,,,
load_0.30,77.0,-4.767961557738939,2.0825069664095546,5.0,,,,,
load_0.30,78.0,-4.909049156172626,2.364682163276928,5.0,,,,,
load_0.30,79.0,-5.950810829609553,2.7516349158274584,5.0,,,,,
load_0.30,80.0,-5.622955697469619,3.7924952458709136,5.0,,,,,
load_0.30,81.0,-5.621314818236307,3.7892134874042895,5.0,,,,,
load_0.30,82.0,-3.7267080745341614,4.440892098500626e-16,5.0,,,,,
load_0.30,83.0,-6.119562076718749,2.933193485284822,5.0,,,,,
load_0.30,84.0,-5.622955697469619,3.7924952458709136,5.0,,,,,
load_0.30,85.0,-5.621314818236307,3.7892134874042895,5.0,,,,,
load_0.30,86.0,-3.7267080745341614,4.440892098500626e-16,5.0,,,,,
load_0.30,87.0,-4.69162282886518,1.9298295086620367,5.0,,,,,
load_0.30,88.0,-4.909049156172626,2.364682163276928,5.0,,,,,
load_0.30,89.0,-4.69162282886518,1.9298295086620365,5.0,,,,,
load_0.30,90.0,-3.7267080745341614,4.440892098500626e-16,5.0,,,,,
load_0.30,91.0,-6.968031350113695,2.682947960782944,5.0,,,,,
load_0.30,92.0,-5.621314818236307,3.78921348740429,5.0,,,,,
load_0.30,93.0,-4.69162282886518,1.9298295086620367,5.0,,,,,
load_0.30,94.0,-3.7267080745341614,4.440892098500626e-16,5.0,,,,,
load_0.30,95.0,-3.7267080745341614,4.440892098500626e-16,5.0,,,,,
load_0.30,96.0,-3.7267080745341614,4.440892098500626e-16,5.0,,,,,
load_0.30,97.0,-4.767961557738939,2.0825069664095546,5.0,,,,,
load_0.30,98.0,-3.7267080745341614,4.440892098500626e-16,5.0,,,,,
load_0.30,99.0,-3.7267080745341614,4.440892098500626e-16,5.0,,,,,
load_0.30,100.0,-3.7267080745341614,4.440892098500626e-16,5.0,,,,,
load_0.30,101.0,-4.715655791565814,1.977895434063305,5.0,,,,,
load_0.30,102.0,-3.7267080745341614,4.440892098500626e-16,5.0,,,,,
load_0.30,103.0,-3.7267080745341614,4.440892098500626e-16,5.0,,,,,
load_0.30,104.0,-4.909049156172626,2.364682163276928,5.0,,,,,
load_0.30,105.0,-3.7267080745341614,4.440892098500626e-16,5.0,,,,,
load_0.30,106.0,-3.7267080745341614,4.440892098500626e-16,5.0,,,,,
load_0.30,107.0,-3.7267080745341614,4.440892098500626e-16,5.0,,,,,
load_0.30,108.0,-3.7267080745341614,4.440892098500626e-16,5.0,,,,,
load_0.30,109.0,-4.884407038675011,2.315397928281698,5.0,,,,,
load_0.30,110.0,-3.7267080745341614,4.440892098500626e-16,5.0,,,,,
load_0.30,111.0,-4.69162282886518,1.9298295086620367,5.0,,,,,
load_0.30,112.0,-3.7267080745341614,4.440892098500626e-16,5.0,,,,,
load_0.30,113.0,-5.873963910503645,2.6522154809090286,5.0,,,,,
load_0.30,114.0,-3.7267080745341614,4.440892098500626e-16,5.0,,,,,
load_0.30,115.0,-3.7267080745341614,4.440892098500626e-16,5.0,,,,,
load_0.30,116.0,-3.7267080745341614,4.440892098500626e-16,5.0,,,,,
load_0.30,117.0,-3.7267080745341614,4.440892098500626e-16,5.0,,,,,
load_0.30,118.0,-3.7267080745341614,4.440892098500626e-16,5.0,,,,,
load_0.30,119.0,-3.7267080745341614,4.440892098500626e-16,5.0,,,,,
load_0.30,120.0,-3.7267080745341614,4.440892098500626e-16,5.0,,,,,
load_0.30,121.0,-3.7267080745341614,4.440892098500626e-16,5.0,,,,,
load_0.30,122.0,-4.69162282886518,1.9298295086620365,5.0,,,,,
load_0.30,123.0,-3.7267080745341614,4.440892098500626e-16,5.0,,,,,
load_0.30,124.0,-3.7267080745341614,4.440892098500626e-16,5.0,,,,,
load_0.30,125.0,-4.909049156172626,2.364682163276928,5.0,,,,,
load_0.30,126.0,-3.7267080745341614,4.440892098500626e-16,5.0,,,,,
load_0.30,127.0,-3.7267080745341614,4.440892098500626e-16,5.0,,,,,
load_0.30,128.0,-3.7267080745341614,4.440892098500626e-16,5.0,,,,,
load_0.30,129.0,-3.7267080745341614,4.440892098500626e-16,5.0,,,,,
load_0.30,130.0,-3.7267080745341614,4.440892098500626e-16,5.0,,,,,
load_0.30,131.0,-4.9618631125779,2.4703100760874763,5.0,,,,,
load_0.30,132.0,-3.7267080745341614,4.440892098500626e-16,5.0,,,,,
load_0.30,133.0,-4.9618631125779,2.4703100760874763,5.0,,,,,
load_0.30,134.0,-4.715655791565815,1.9778954340633053,5.0,,,,,
load_0.30,135.0,-3.7267080745341614,4.440892098500626e-16,5.0,,,,,
load_0.30,136.0,-3.7267080745341614,4.440892098500626e-16,5.0,,,,,
load_0.30,137.0,-3.7267080745341614,4.440892098500626e-16,5.0,,,,,
load_0.30,138.0,-3.7267080745341614,4.440892098500626e-16,5.0,,,,,
load_0.30,139.0,-4.9618631125779,2.4703100760874763,5.0,,,,,
load_0.30,140.0,-5.622955697469619,3.7924952458709136,5.0,,,,,
load_0.30,141.0,-4.69162282886518,1.9298295086620367,5.0,,,,,
load_0.30,142.0,-4.884407038675011,2.315397928281698,5.0,,,,,
load_0.30,143.0,-4.884407038675011,2.315397928281698,5.0,,,,,
load_0.30,144.0,-4.9618631125779,2.4703100760874763,5.0,,,,,
load_0.30,145.0,-5.622955697469619,3.7924952458709136,5.0,,,,,
load_0.30,146.0,-3.7267080745341614,4.440892098500626e-16,5.0,,,,,
load_0.30,147.0,-3.7267080745341614,4.440892098500626e-16,5.0,,,,,
load_0.30,148.0,-5.873354755706663,2.6425991786848124,5.0,,,,,
load_0.30,149.0,-3.7267080745341614,4.440892098500626e-16,5.0,,,,,
load_0.30,150.0,-3.7267080745341614,4.440892098500626e-16,5.0,,,,,
load_0.30,151.0,-3.7267080745341614,4.440892098500626e-16,5.0,,,,,
load_0.30,152.0,-3.7267080745341614,4.440892098500626e-16,5.0,,,,,
load_0.30,153.0,-3.7267080745341614,4.440892098500626e-16,5.0,,,,,
load_0.30,154.0,-4.9618631125779,2.4703100760874763,5.0,,,,,
load_0.30,155.0,-3.7267080745341614,4.440892098500626e-16,5.0,,,,,
load_0.30,156.0,-3.7267080745341614,4.440892098500626e-16,5.0,,,,,
load_0.30,157.0,-3.7267080745341614,4.440892098500626e-16,5.0,,,,,
load_0.30,158.0,-3.7267080745341614,4.440892098500626e-16,5.0,,,,,
load_0.30,159.0,-3.7267080745341614,4.440892098500626e-16,5.0,,,,,
load_0.30,160.0,-3.7267080745341614,4.440892098500626e-16,5.0,,,,,
load_0.30,161.0,-3.7267080745341614,4.440892098500626e-16,5.0,,,,,
load_0.30,162.0,-3.7267080745341614,4.440892098500626e-16,5.0,,,,,
load_0.30,163.0,-4.69162282886518,1.9298295086620365,5.0,,,,,
load_0.30,164.0,-4.9090491561726255,2.364682163276928,5.0,,,,,
load_0.30,165.0,-3.7267080745341614,4.440892098500626e-16,5.0,,,,,
load_0.30,166.0,-3.7267080745341614,4.440892098500626e-16,5.0,,,,,
load_0.30,167.0,-3.7267080745341614,4.440892098500626e-16,5.0,,,,,
load_0.30,168.0,-3.7267080745341614,4.440892098500626e-16,5.0,,,,,
load_0.30,169.0,-3.7267080745341614,4.440892098500626e-16,5.0,,,,,
load_0.30,170.0,-3.7267080745341614,4.440892098500626e-16,5.0,,,,,
load_0.30,171.0,-3.7267080745341614,4.440892098500626e-16,5.0,,,,,
load_0.30,172.0,-3.7267080745341614,4.440892098500626e-16,5.0,,,,,
load_0.30,173.0,-3.7267080745341614,4.440892098500626e-16,5.0,,,,,
load_0.30,174.0,-3.7267080745341614,4.440892098500626e-16,5.0,,,,,
load_0.30,175.0,-3.7267080745341614,4.440892098500626e-16,5.0,,,,,
load_0.30,176.0,-3.7267080745341614,4.440892098500626e-16,5.0,,,,,
load_0.30,177.0,-3.7267080745341614,4.440892098500626e-16,5.0,,,,,
load_0.30,178.0,-3.7267080745341614,4.440892098500626e-16,5.0,,,,,
load_0.30,179.0,-3.7267080745341614,4.440892098500626e-16,5.0,,,,,
load_0.30,180.0,-3.7267080745341614,4.440892098500626e-16,5.0,,,,,
load_0.30,181.0,-4.884407038675011,2.315397928281698,5.0,,,,,
load_0.30,182.0,-3.7267080745341614,4.440892098500626e-16,5.0,,,,,
load_0.30,183.0,-3.7267080745341614,4.440892098500626e-16,5.0,,,,,
load_0.30,184.0,-3.7267080745341614,4.440892098500626e-16,5.0,,,,,
load_0.30,185.0,-4.9618631125779,2.4703100760874763,5.0,,,,,
load_0.30,186.0,-3.7267080745341614,4.440892098500626e-16,5.0,,,,,
load_0.30,187.0,-3.7267080745341614,4.440892098500626e-16,5.0,,,,,
load_0.30,188.0,-3.7267080745341614,4.440892098500626e-16,5.0,,,,,
load_0.30,189.0,-3.7267080745341614,4.440892098500626e-16,5.0,,,,,
load_0.30,190.0,-3.7267080745341614,4.440892098500626e-16,5.0,,,,,
load_0.30,191.0,-3.7267080745341614,4.440892098500626e-16,5.0,,,,,
load_0.30,192.0,-3.7267080745341614,4.440892098500626e-16,5.0,,,,,
load_0.30,193.0,-3.7267080745341614,4.440892098500626e-16,5.0,,,,,
load_0.30,194.0,-3.7267080745341614,4.440892098500626e-16,5.0,,,,,
load_0.30,195.0,-3.7267080745341614,4.440892098500626e-16,5.0,,,,,
load_0.30,196.0,-3.7267080745341614,4.440892098500626e-16,5.0,,,,,
load_0.30,197.0,-3.7267080745341614,4.440892098500626e-16,5.0,,,,,
load_0.30,198.0,-3.7267080745341614,4.440892098500626e-16,5.0,,,,,
load_0.30,199.0,-3.7267080745341614,4.440892098500626e-16,5.0,,,,,
load_0.30,200.0,-3.7267080745341614,4.440892098500626e-16,5.0,,,,,
load_0.50,1.0,-15.87630198563063,4.668662031804794,5.0,,,,,
load_0.50,2.0,-13.140270461238869,2.575695596657534,5.0,,,,,
load_0.50,3.0,-10.991338962055874,3.903187681251943,5.0,,,,,
load_0.50,4.0,-11.229141575574364,2.6224802353520547,5.0,,,,,
load_0.50,5.0,-7.301026325640518,3.779854987511887,5.0,,,,,
load_0.50,6.0,-12.239991043795868,6.013430117130518,5.0,,,,,
load_0.50,7.0,-6.31008725340503,2.284936462123075,5.0,,,,,
load_0.50,8.0,-9.588703575970202,3.2128531581752786,5.0,,,,,
load_0.50,9.0,-10.230481145444106,3.4905542870381105,5.0,,,,,
load_0.50,10.0,-9.504308517664692,4.450167479202746,5.0,,,,,
load_0.50,11.0,-6.353095336948972,2.3385992778397937,5.0,,,,,
load_0.50,12.0,-6.454173160599635,2.4719255936290683,5.0,,,,,
load_0.50,13.0,-9.67381288525895,3.346258224615964,5.0,,,,,
load_0.50,14.0,-9.451851148829688,4.387732119310387,5.0,,,,,
load_0.50,15.0,-7.793443439800489,4.440184533452345,5.0,,,,,
load_0.50,16.0,-10.265572788739902,3.747720959998589,5.0,,,,,
load_0.50,17.0,-9.486497156859542,3.00249206285949,5.0,,,,,
load_0.50,18.0,-8.513714852278088,3.6195599071275937,5.0,,,,,
load_0.50,19.0,-6.353095336948972,2.3385992778397937,5.0,,,,,
load_0.50,20.0,-9.498147332198036,3.520324094601349,5.0,,,,,
load_0.50,21.0,-10.506122671443167,5.1038919644344825,5.0,,,,,
load_0.50,22.0,-7.565783863586543,2.5655500082907605,5.0,,,,,
load_0.50,23.0,-8.703050954461386,2.141618119133685,5.0,,,,,
load_0.50,24.0,-6.814790971626847,2.9071023876259376,5.0,,,,,
load_0.50,25.0,-6.529297117161953,4.169705345435019,5.0,,,,,
load_0.50,26.0,-7.242908657885323,2.284936462123075,5.0,,,,,
load_0.50,27.0,-5.538703451775346,2.188518014661805,5.0,,,,,
load_0.50,28.0,-8.799361986181673,2.2289178409997668,5.0,,,,,
load_0.50,29.0,-7.750934042544119,4.41859268850937,5.0,,,,,
load_0.50,30.0,-7.404346260735932,2.4346566164665333,5.0,,,,,
load_0.50,31.0,-5.377265848924736,1.8656428089605852,5.0,,,,,
load_0.50,32.0,-6.471524856255639,2.4957439257580782,5.0,,,,,
load_0.50,33.0,-8.4944445686393,3.794247296458232,5.0,,,,,
load_0.50,34.0,-9.436953846645618,3.341705015446144,5.0,,,,,
load_0.50,35.0,-8.57955387792805,3.931614743726498,5.0,,,,,
load_0.50,36.0,-6.454173160599636,2.471925593629068,5.0,,,,,
load_0.50,37.0,-6.739537703885674,4.59018651888246,5.0,,,,,
load_0.50,38.0,-8.581053550098337,3.9340582604553145,5.0,,,,,
load_0.50,39.0,-6.63296245910625,2.680376214405148,5.0,,,,,
load_0.50,40.0,-6.63296245910625,2.680376214405148,5.0,,,,,
load_0.50,41.0,-8.175730062365615,1.8656428089605852,5.0,,,,,
load_0.50,42.0,-6.739537703885674,4.59018651888246,5.0,,,,,
load_0.50,43.0,-4.444444444444445,0.0,5.0,,,,,
load_0.50,44.0,-5.538703451775346,2.188518014661805,5.0,,,,,
load_0.50,45.0,-5.581212849031718,2.273536809174548,5.0,,,,,
load_0.50,46.0,-8.337167665216224,1.9713082944930316,5.0,,,,,
load_0.50,47.0,-7.648232145618044,4.239494638770197,5.0,,,,,
load_0.50,48.0,-6.772281574370479,2.859503994557172,5.0,,,,,
load_0.50,49.0,-10.697753066871256,3.765164768820503,5.0,,,,,
load_0.50,50.0,-7.285916741429266,2.321380809027651,5.0,,,,,
load_0.50,51.0,-7.416907347791975,3.845741481028989,5.0,,,,,
load_0.50,52.0,-5.521351756119342,2.153814623349797,5.0,,,,,
load_0.50,53.0,-4.444444444444445,0.0,5.0,,,,,
load_0.50,54.0,-4.444444444444445,0.0,5.0,,,,,
load_0.50,55.0,-8.31981596956022,1.957671811582547,5.0,,,,,
load_0.50,56.0,-5.521351756119342,2.153814623349797,5.0,,,,,
load_0.50,57.0,-11.658153939680384,5.304557088205939,5.0,,,,,
load_0.50,58.0,-4.444444444444445,0.0,5.0,,,,,
load_0.50,59.0,-6.63296245910625,2.680376214405148,5.0,,,,,
load_0.50,60.0,-5.538703451775346,2.188518014661805,5.0,,,,,
load_0.50,61.0,-7.404346260735932,2.4346566164665333,5.0,,,,,
load_0.50,62.0,-7.247898711542101,3.740021332705875,5.0,,,,,
load_0.50,63.0,-7.400185561308397,4.009413189871395,5.0,,,,,
load_0.50,64.0,-7.400185561308397,4.009413189871395,5.0,,,,,
load_0.50,65.0,-6.322648340461074,3.756407792033257,5.0,,,,,
load_0.50,66.0,-4.444444444444445,0.0,5.0,,,,,
load_0.50,67.0,-4.444444444444445,0.0,5.0,,,,,
load_0.50,68.0,-4.444444444444445,0.0,5.0,,,,,
load_0.50,69.0,-6.63296245910625,2.680376214405148,5.0,,,,,
load_0.50,70.0,-4.444444444444445,0.0,5.0,,,,,
load_0.50,71.0,-4.444444444444445,0.0,5.0,,,,,
load_0.50,72.0,-5.377265848924738,1.8656428089605852,5.0,,,,,
load_0.50,73.0,-7.672359108365967,4.502067428791595,5.0,,,,,
load_0.50,74.0,-5.538703451775346,2.188518014661805,5.0,,,,,
load_0.50,75.0,-6.529297117161953,4.169705345435019,5.0,,,,,
load_0.50,76.0,-5.538703451775346,2.188518014661805,5.0,,,,,
load_0.50,77.0,-8.581053550098337,3.9340582604553145,5.0,,,,,
load_0.50,78.0,-5.538703451775346,2.188518014661805,5.0,,,,,
load_0.50,79.0,-7.44319364485234,4.028615146088439,5.0,,,,,
load_0.50,80.0,-5.377265848924738,1.8656428089605848,5.0,,,,,
load_0.50,81.0,-7.672359108365967,4.502067428791596,5.0,,,,,
load_0.50,82.0,-5.521351756119342,2.153814623349797,5.0,,,,,
load_0.50,83.0,-5.678022567039575,2.467156245190261,5.0,,,,,
load_0.50,84.0,-8.824390376603183,5.374606247318557,5.0,,,,,
load_0.50,85.0,-6.467364156828106,4.045839424767322,5.0,,,,,
load_0.50,86.0,-7.462118521642246,4.120373206613453,5.0,,,,,
load_0.50,87.0,-7.546220855151683,6.203552821414475,5.0,,,,,
load_0.50,88.0,-8.684254719593298,6.122375894921992,5.0,,,,,
load_0.50,89.0,-6.5292971171619545,4.169705345435018,5.0,,,,,
load_0.50,90.0,-7.553747060001847,4.096832604683826,5.0,,,,,
load_0.50,91.0,-10.431742962288071,6.056706441629101,5.0,,,,,
load_0.50,92.0,-8.561692421044459,5.043260432506741,5.0,,,,,
load_0.50,93.0,-6.476839748326948,4.064790607765008,5.0,,,,,
load_0.50,94.0,-8.561692421044459,5.043260432506741,5.0,,,,,
load_0.50,95.0,-6.476839748326948,4.064790607765008,5.0,,,,,
load_0.50,96.0,-6.476839748326948,4.064790607765008,5.0,,,,,
load_0.50,97.0,-7.452669236351184,4.04536190050583,5.0,,,,,
load_0.50,98.0,-6.476839748326948,4.064790607765008,5.0,,,,,
load_0.50,99.0,-6.476839748326948,4.064790607765008,5.0,,,,,
load_0.50,100.0,-6.476839748326948,4.064790607765008,5.0,,,,,
load_0.50,101.0,-6.656675035213216,4.424461181537543,5.0,,,,,
load_0.50,102.0,-6.476839748326948,4.064790607765008,5.0,,,,,
load_0.50,103.0,-6.476839748326948,4.064790607765008,5.0,,,,,
load_0.50,104.0,-8.584868769999357,5.072373363785152,5.0,,,,,
load_0.50,105.0,-6.476839748326948,4.064790607765008,5.0,,,,,
load_0.50,106.0,-6.476839748326948,4.064790607765008,5.0,,,,,
load_0.50,107.0,-6.476839748326948,4.064790607765008,5.0,,,,,
load_0.50,108.0,-7.57109875565785,4.1066044428472726,5.0,,,,,
load_0.50,109.0,-6.476839748326948,4.064790607765008,5.0,,,,,
load_0.50,110.0,-8.49975946071061,4.9667488650843215,5.0,,,,,
load_0.50,111.0,-7.57109875565785,4.1066044428472726,5.0,,,,,
load_0.50,112.0,-8.509235052209451,4.978331450140893,5.0,,,,,
load_0.50,113.0,-8.407501013178582,4.864718423789821,5.0,,,,,
load_0.50,114.0,-6.476839748326948,4.064790607765008,5.0,,,,,
load_0.50,115.0,-6.476839748326948,4.064790607765008,5.0,,,,,
load_0.50,116.0,-6.476839748326948,4.064790607765008,5.0,,,,,
load_0.50,117.0,-6.476839748326948,4.064790607765008,5.0,,,,,
load_0.50,118.0,-6.476839748326948,4.064790607765008,5.0,,,,,
load_0.50,119.0,-6.476839748326948,4.064790607765008,5.0,,,,,
load_0.50,120.0,-6.476839748326948,4.064790607765008,5.0,,,,,
load_0.50,121.0,-6.476839748326948,4.064790607765008,5.0,,,,,
load_0.50,122.0,-6.476839748326948,4.064790607765008,5.0,,,,,
load_0.50,123.0,-9.6223910161449,6.581374214340754,5.0,,,,,
load_0.50,124.0,-7.409661152807241,4.026341030259025,5.0,,,,,
load_0.50,125.0,-7.57109875565785,4.1066044428472726,5.0,,,,,
load_0.50,126.0,-6.476839748326948,4.064790607765008,5.0,,,,,
load_0.50,127.0,-6.476839748326948,4.064790607765008,5.0,,,,,
load_0.50,128.0,-6.476839748326948,4.064790607765008,5.0,,,,,
load_0.50,129.0,-6.476839748326948,4.064790607765008,5.0,,,,,
load_0.50,130.0,-6.476839748326948,4.064790607765008,5.0,,,,,
load_0.50,131.0,-8.499759460710608,4.9667488650843215,5.0,,,,,
load_0.50,132.0,-6.476839748326948,4.064790607765008,5.0,,,,,
load_0.50,133.0,-6.547045503059991,4.205202117231093,5.0,,,,,
load_0.50,134.0,-7.40966115280724,4.026341030259025,5.0,,,,,
load_0.50,135.0,-6.476839748326948,4.064790607765008,5.0,,,,,
load_0.50,136.0,-6.476839748326948,4.064790607765008,5.0,,,,,
load_0.50,137.0,-6.476839748326948,4.064790607765008,5.0,,,,,
load_0.50,138.0,-6.476839748326948,4.064790607765008,5.0,,,,,
load_0.50,139.0,-8.355043644343576,4.795687294750019,5.0,,,,,
load_0.50,140.0,-6.476839748326948,4.064790607765008,5.0,,,,,
load_0.50,141.0,-6.476839748326948,4.064790607765008,5.0,,,,,
load_0.50,142.0,-8.509235052209451,4.978331450140893,5.0,,,,,
load_0.50,143.0,-8.49975946071061,4.9667488650843215,5.0,,,,,
load_0.50,144.0,-9.588621766938706,4.40878864641308,5.0,,,,,
load_0.50,145.0,-6.476839748326948,4.064790607765008,5.0,,,,,
load_0.50,146.0,-6.476839748326948,4.064790607765008,5.0,,,,,
load_0.50,147.0,-6.476839748326948,4.064790607765008,5.0,,,,,
load_0.50,148.0,-7.409661152807241,4.026341030259025,5.0,,,,,
load_0.50,149.0,-8.771933007768178,5.3163202911584815,5.0,,,,,
load_0.50,150.0,-7.452669236351184,4.04536190050583,5.0,,,,,
load_0.50,151.0,-7.553747060001847,4.096832604683826,5.0,,,,,
load_0.50,152.0,-6.476839748326948,4.064790607765008,5.0,,,,,
load_0.50,153.0,-6.476839748326948,4.064790607765008,5.0,,,,,
load_0.50,154.0,-8.355043644343578,4.795687294750019,5.0,,,,,
load_0.50,155.0,-6.476839748326948,4.064790607765008,5.0,,,,,
load_0.50,156.0,-6.476839748326948,4.064790607765008,5.0,,,,,
load_0.50,157.0,-6.476839748326948,4.064790607765008,5.0,,,,,
load_0.50,158.0,-6.476839748326948,4.064790607765008,5.0,,,,,
load_0.50,159.0,-6.476839748326948,4.064790607765008,5.0,,,,,
load_0.50,160.0,-6.476839748326948,4.064790607765008,5.0,,,,,
load_0.50,161.0,-6.476839748326948,4.064790607765008,5.0,,,,,
load_0.50,162.0,-6.476839748326948,4.064790607765008,5.0,,,,,
load_0.50,163.0,-6.476839748326948,4.064790607765008,5.0,,,,,
load_0.50,164.0,-9.578616159034189,6.511414490832562,5.0,,,,,
load_0.50,165.0,-6.476839748326948,4.064790607765008,5.0,,,,,
load_0.50,166.0,-6.476839748326948,4.064790607765008,5.0,,,,,
load_0.50,167.0,-6.476839748326948,4.064790607765008,5.0,,,,,
load_0.50,168.0,-6.476839748326948,4.064790607765008,5.0,,,,,
load_0.50,169.0,-6.476839748326948,4.064790607765008,5.0,,,,,
load_0.50,170.0,-6.476839748326948,4.064790607765008,5.0,,,,,
load_0.50,171.0,-6.476839748326948,4.064790607765008,5.0,,,,,
load_0.50,172.0,-6.476839748326948,4.064790607765008,5.0,,,,,
load_0.50,173.0,-6.476839748326948,4.064790607765008,5.0,,,,,
load_0.50,174.0,-6.476839748326948,4.064790607765008,5.0,,,,,
load_0.50,175.0,-6.476839748326948,4.064790607765008,5.0,,,,,
load_0.50,176.0,-6.476839748326948,4.064790607765008,5.0,,,,,
load_0.50,177.0,-6.476839748326948,4.064790607765008,5.0,,,,,
load_0.50,178.0,-6.476839748326948,4.064790607765008,5.0,,,,,
load_0.50,179.0,-6.476839748326948,4.064790607765008,5.0,,,,,
load_0.50,180.0,-6.476839748326948,4.064790607765008,5.0,,,,,
load_0.50,181.0,-6.476839748326948,4.064790607765008,5.0,,,,,
load_0.50,182.0,-8.49975946071061,4.9667488650843215,5.0,,,,,
load_0.50,183.0,-6.476839748326948,4.064790607765008,5.0,,,,,
load_0.50,184.0,-6.476839748326948,4.064790607765008,5.0,,,,,
load_0.50,185.0,-8.499759460710608,4.9667488650843215,5.0,,,,,
load_0.50,186.0,-6.476839748326948,4.064790607765008,5.0,,,,,
load_0.50,187.0,-6.476839748326948,4.064790607765008,5.0,,,,,
load_0.50,188.0,-6.476839748326948,4.064790607765008,5.0,,,,,
load_0.50,189.0,-6.476839748326948,4.064790607765008,5.0,,,,,
load_0.50,190.0,-6.476839748326948,4.064790607765008,5.0,,,,,
load_0.50,191.0,-6.476839748326948,4.064790607765008,5.0,,,,,
load_0.50,192.0,-6.476839748326948,4.064790607765008,5.0,,,,,
load_0.50,193.0,-6.476839748326948,4.064790607765008,5.0,,,,,
load_0.50,194.0,-6.476839748326948,4.064790607765008,5.0,,,,,
load_0.50,195.0,-6.476839748326948,4.064790607765008,5.0,,,,,
load_0.50,196.0,-6.476839748326948,4.064790607765008,5.0,,,,,
load_0.50,197.0,-6.476839748326948,4.064790607765008,5.0,,,,,
load_0.50,198.0,-6.476839748326948,4.064790607765008,5.0,,,,,
load_0.50,199.0,-6.476839748326948,4.064790607765008,5.0,,,,,
load_0.50,200.0,-6.476839748326948,4.064790607765008,5.0,,,,,
load_0.70,1.0,-21.53990555799048,11.38064497262983,5.0,,,,,
load_0.70,2.0,-17.499387411322054,4.440768186365391,5.0,,,,,
load_0.70,3.0,-16.17141541548297,2.8361490767229545,5.0,,,,,
load_0.70,4.0,-11.50016162237032,4.076624960664561,5.0,,,,,
load_0.70,5.0,-9.340608934304177,3.768080680328369,5.0,,,,,
load_0.70,6.0,-11.09482403127276,1.9936784722159668,5.0,,,,,
load_0.70,7.0,-11.208240678510403,1.941323943011132,5.0,,,,,
load_0.70,8.0,-14.967228964583123,2.8136611544658945,5.0,,,,,
load_0.70,9.0,-10.180338825849947,4.264707729950244,5.0,,,,,
load_0.70,10.0,-9.404799893999016,3.778545879897504,5.0,,,,,
load_0.70,11.0,-9.20257496431008,1.857455636793546,5.0,,,,,
load_0.70,12.0,-9.271368318540434,3.558627970524054,5.0,,,,,
load_0.70,13.0,-9.262963159724984,1.8993258067395828,5.0,,,,,
load_0.70,14.0,-11.633766667488825,5.022352095832252,5.0,,,,,
load_0.70,15.0,-12.206798486830214,4.793121205297971,5.0,,,,,
load_0.70,16.0,-12.087556342809997,5.438745560951252,5.0,,,,,
load_0.70,17.0,-10.4855150551524,4.416973933759227,5.0,,,,,
load_0.70,18.0,-8.290847107943916,2.2749717243680228,5.0,,,,,
load_0.70,19.0,-8.22665614824908,2.2256477701703585,5.0,,,,,
load_0.70,20.0,-12.974411644902071,3.736343668890044,5.0,,,,,
load_0.70,21.0,-14.78948355030937,13.971551487088934,5.0,,,,,
load_0.70,22.0,-9.207177358845597,3.5450988530371177,5.0,,,,,
load_0.70,23.0,-12.341761131253048,3.915568038365653,5.0,,,,,
load_0.70,24.0,-9.512353588148049,3.80573568202284,5.0,,,,,
load_0.70,25.0,-7.409259289351175,2.3339291686410646,5.0,,,,,
load_0.70,26.0,-7.297902830922209,2.198697992755335,5.0,,,,,
load_0.70,27.0,-7.362093790617044,2.2749717243680228,5.0,,,,,
load_0.70,28.0,-9.618069207552791,3.980002467129793,5.0,,,,,
load_0.70,29.0,-10.125779305062958,5.165197368880782,5.0,,,,,
load_0.70,30.0,-9.404799893999014,3.778545879897504,5.0,,,,,
load_0.70,31.0,-9.271368318540434,3.558627970524054,5.0,,,,,
load_0.70,32.0,-9.404799893999016,3.778545879897505,5.0,,,,,
load_0.70,33.0,-12.195018480431028,7.209906467016684,5.0,,,,,
load_0.70,34.0,-11.2262772762337,4.608923658211428,5.0,,,,,
load_0.70,35.0,-9.262963159724984,1.8993258067395828,5.0,,,,,
load_0.70,36.0,-10.657004477478637,4.772226809498385,5.0,,,,,
load_0.70,37.0,-10.724251233142564,4.038338836384684,5.0,,,,,
load_0.70,38.0,-10.518752680054112,4.571382719395409,5.0,,,,,
load_0.70,39.0,-9.266765924004918,1.8833054615997464,5.0,,,,,
load_0.70,40.0,-9.31393142273905,1.9075898031438807,5.0,,,,,
load_0.70,41.0,-8.290847107943915,2.2749717243680228,5.0,,,,,
load_0.70,42.0,-9.859688875510528,4.5660510616148295,5.0,,,,,
load_0.70,43.0,-8.22665614824908,2.225647770170359,5.0,,,,,
load_0.70,44.0,-8.290847107943915,2.2749717243680228,5.0,,,,,
load_0.70,45.0,-9.264008574948267,3.546685364283414,5.0,,,,,
load_0.70,46.0,-8.290847107943915,2.2749717243680228,5.0,,,,,
load_0.70,47.0,-12.429088409357115,4.064291212979989,5.0,,,,,
load_0.70,48.0,-8.290847107943915,2.2749717243680228,5.0,,,,,
load_0.70,49.0,-11.403287551336586,7.448986236292326,5.0,,,,,
load_0.70,50.0,-8.290847107943915,2.2749717243680228,5.0,,,,,
load_0.70,51.0,-10.300315586424173,3.0137810819940167,5.0,,,,,
load_0.70,52.0,-8.290847107943915,2.2749717243680228,5.0,,,,,
load_0.70,53.0,-8.290847107943915,2.2749717243680228,5.0,,,,,
load_0.70,54.0,-9.404799893999016,3.778545879897505,5.0,,,,,
load_0.70,55.0,-8.22665614824908,2.225647770170359,5.0,,,,,
load_0.70,56.0,-13.445993654718558,6.933928630174023,5.0,,,,,
load_0.70,57.0,-10.189970264757797,5.163084265560028,5.0,,,,,
load_0.70,58.0,-8.290847107943915,2.2749717243680228,5.0,,,,,
load_0.70,59.0,-8.290847107943915,2.2749717243680228,5.0,,,,,
load_0.70,60.0,-9.266765924004918,1.8833054615997464,5.0,,,,,
load_0.70,61.0,-10.9289423305175,2.0463882452549877,5.0,,,,,
load_0.70,62.0,-10.339664068774413,3.4800287918251094,5.0,,,,,
load_0.70,63.0,-10.333553211325889,3.237756758437962,5.0,,,,,
load_0.70,64.0,-10.978199927192453,4.368939227425512,5.0,,,,,
load_0.70,65.0,-9.264008574948267,3.546685364283414,5.0,,,,,
load_0.70,66.0,-8.226656148249079,2.225647770170359,5.0,,,,,
load_0.70,67.0,-8.22665614824908,2.225647770170359,5.0,,,,,
load_0.70,68.0,-8.290847107943915,2.2749717243680228,5.0,,,,,
load_0.70,69.0,-8.290847107943915,2.2749717243680228,5.0,,,,,
load_0.70,70.0,-8.290847107943915,2.2749717243680228,5.0,,,,,
load_0.70,71.0,-8.290847107943915,2.2749717243680228,5.0,,,,,
load_0.70,72.0,-8.290847107943915,2.2749717243680228,5.0,,,,,
load_0.70,73.0,-11.17705135154767,7.015588582063431,5.0,,,,,
load_0.70,74.0,-8.290847107943915,2.2749717243680228,5.0,,,,,
load_0.70,75.0,-15.671071368902114,13.487768174347108,5.0,,,,,
load_0.70,76.0,-9.266765924004918,1.8833054615997464,5.0,,,,,
load_0.70,77.0,-9.67648326688212,4.243006401525903,5.0,,,,,
load_0.70,78.0,-9.271368318540434,3.558627970524054,5.0,,,,,
load_0.70,79.0,-9.327154119419822,1.922598186503472,5.0,,,,,
load_0.70,80.0,-9.155409465575952,1.829638675118916,5.0,,,,,
load_0.70,81.0,-11.982159611176089,6.253697781052774,5.0,,,,,
load_0.70,82.0,-8.290847107943915,2.2749717243680228,5.0,,,,,
load_0.70,83.0,-10.491036724000276,4.555596551193572,5.0,,,,,
load_0.70,84.0,-8.290847107943915,2.2749717243680228,5.0,,,,,
load_0.70,85.0,-11.214497269834514,7.087158568100633,5.0,,,,,
load_0.70,86.0,-8.290847107943915,2.2749717243680228,5.0,,,,,
load_0.70,87.0,-9.404799893999014,3.778545879897504,5.0,,,,,
load_0.70,88.0,-9.266765924004918,1.8833054615997464,5.0,,,,,
load_0.70,89.0,-8.290847107943915,2.2749717243680228,5.0,,,,,
load_0.70,90.0,-10.724213128331836,4.038270254453547,5.0,,,,,
load_0.70,91.0,-10.439268830730631,3.415587377027516,5.0,,,,,
load_0.70,92.0,-11.339096591641749,7.460897310429327,5.0,,,,,
load_0.70,93.0,-8.290847107943915,2.2749717243680228,5.0,,,,,
load_0.70,94.0,-9.539292670837211,4.005989699545233,5.0,,,,,
load_0.70,95.0,-8.290847107943915,2.2749717243680228,5.0,,,,,
load_0.70,96.0,-8.290847107943915,2.2749717243680228,5.0,,,,,
load_0.70,97.0,-9.219600425270787,1.857506634653744,5.0,,,,,
load_0.70,98.0,-8.226656148249079,2.225647770170359,5.0,,,,,
load_0.70,99.0,-8.290847107943915,2.2749717243680228,5.0,,,,,
load_0.70,100.0,-8.290847107943915,2.2749717243680228,5.0,,,,,
load_0.70,101.0,-8.290847107943915,2.2749717243680228,5.0,,,,,
load_0.70,102.0,-8.290847107943915,2.2749717243680228,5.0,,,,,
load_0.70,103.0,-8.290847107943915,2.2749717243680228,5.0,,,,,
load_0.70,104.0,-9.266765924004918,1.8833054615997464,5.0,,,,,
load_0.70,105.0,-8.290847107943915,2.2749717243680228,5.0,,,,,
load_0.70,106.0,-8.290847107943915,2.2749717243680228,5.0,,,,,
load_0.70,107.0,-8.290847107943915,2.2749717243680228,5.0,,,,,
load_0.70,108.0,-8.290847107943915,2.2749717243680228,5.0,,,,,
load_0.70,109.0,-8.290847107943915,2.2749717243680228,5.0,,,,,
load_0.70,110.0,-11.053406293849216,6.779776795889261,5.0,,,,,
load_0.70,111.0,-8.290847107943915,2.2749717243680228,5.0,,,,,
load_0.70,112.0,-9.795459811004964,4.563728757870679,5.0,,,,,
load_0.70,113.0,-10.380718710060016,3.236432775955393,5.0,,,,,
load_0.70,114.0,-8.290847107943915,2.2749717243680228,5.0,,,,,
load_0.70,115.0,-8.290847107943915,2.2749717243680228,5.0,,,,,
load_0.70,116.0,-8.290847107943915,2.2749717243680228,5.0,,,,,
load_0.70,117.0,-8.290847107943915,2.2749717243680228,5.0,,,,,
load_0.70,118.0,-8.290847107943915,2.2749717243680228,5.0,,,,,
load_0.70,119.0,-8.290847107943915,2.2749717243680228,5.0,,,,,
load_0.70,120.0,-8.290847107943915,2.2749717243680228,5.0,,,,,
load_0.70,121.0,-8.290847107943915,2.2749717243680228,5.0,,,,,
load_0.70,122.0,-9.404799893999016,3.778545879897505,5.0,,,,,
load_0.70,123.0,-8.290847107943915,2.2749717243680228,5.0,,,,,
load_0.70,124.0,-8.290847107943915,2.2749717243680228,5.0,,,,,
load_0.70,125.0,-9.266765924004918,1.8833054615997464,5.0,,,,,
load_0.70,126.0,-8.290847107943915,2.2749717243680228,5.0,,,,,
load_0.70,127.0,-8.290847107943915,2.2749717243680228,5.0,,,,,
load_0.70,128.0,-8.290847107943915,2.2749717243680228,5.0,,,,,
load_0.70,129.0,-8.290847107943915,2.2749717243680228,5.0,,,,,
load_0.70,130.0,-8.290847107943915,2.2749717243680228,5.0,,,,,
load_0.70,131.0,-9.327154119419822,1.922598186503472,5.0,,,,,
load_0.70,132.0,-8.290847107943915,2.2749717243680228,5.0,,,,,
load_0.70,133.0,-11.17705135154767,7.015588582063431,5.0,,,,,
load_0.70,134.0,-9.155409465575952,1.829638675118916,5.0,,,,,
load_0.70,135.0,-8.290847107943915,2.2749717243680228,5.0,,,,,
load_0.70,136.0,-8.290847107943915,2.2749717243680228,5.0,,,,,
load_0.70,137.0,-8.290847107943915,2.2749717243680228,5.0,,,,,
load_0.70,138.0,-8.290847107943915,2.2749717243680228,5.0,,,,,
load_0.70,139.0,-10.04944660986558,4.907077099898373,5.0,,,,,
load_0.70,140.0,-8.290847107943915,2.2749717243680228,5.0,,,,,
load_0.70,141.0,-8.290847107943915,2.2749717243680228,5.0,,,,,
load_0.70,142.0,-10.189970264757797,5.163084265560028,5.0,,,,,
load_0.70,143.0,-10.635599264738286,4.743538620120883,5.0,,,,,
load_0.70,144.0,-9.264008574948267,3.546685364283414,5.0,,,,,
load_0.70,145.0,-8.290847107943915,2.2749717243680228,5.0,,,,,
load_0.70,146.0,-8.290847107943915,2.2749717243680228,5.0,,,,,
load_0.70,147.0,-8.290847107943915,2.2749717243680228,5.0,,,,,
load_0.70,148.0,-8.22665614824908,2.2256477701703585,5.0,,,,,
load_0.70,149.0,-10.439268830730631,3.415587377027516,5.0,,,,,
load_0.70,150.0,-8.290847107943915,2.2749717243680228,5.0,,,,,
load_0.70,151.0,-8.290847107943915,2.2749717243680228,5.0,,,,,
load_0.70,152.0,-8.290847107943915,2.2749717243680228,5.0,,,,,
load_0.70,153.0,-8.290847107943915,2.2749717243680228,5.0,,,,,
load_0.70,154.0,-9.327154119419822,1.922598186503472,5.0,,,,,
load_0.70,155.0,-9.155409465575952,1.829638675118916,5.0,,,,,
load_0.70,156.0,-9.155409465575952,1.829638675118916,5.0,,,,,
load_0.70,157.0,-9.219600425270787,1.857506634653744,5.0,,,,,
load_0.70,158.0,-9.155409465575952,1.829638675118916,5.0,,,,,
load_0.70,159.0,-9.219600425270787,1.857506634653744,5.0,,,,,
load_0.70,160.0,-9.155409465575952,1.829638675118916,5.0,,,,,
load_0.70,161.0,-9.219600425270787,1.857506634653744,5.0,,,,,
load_0.70,162.0,-9.219600425270787,1.857506634653744,5.0,,,,,
load_0.70,163.0,-10.380718710060018,3.236432775955393,5.0,,,,,
load_0.70,164.0,-10.19276189227514,3.00768311874454,5.0,,,,,
load_0.70,165.0,-9.155409465575952,1.829638675118916,5.0,,,,,
load_0.70,166.0,-9.219600425270787,1.857506634653744,5.0,,,,,
load_0.70,167.0,-9.219600425270787,1.857506634653744,5.0,,,,,
load_0.70,168.0,-9.219600425270787,1.857506634653744,5.0,,,,,
load_0.70,169.0,-9.219600425270787,1.857506634653744,5.0,,,,,
load_0.70,170.0,-9.219600425270787,1.857506634653744,5.0,,,,,
load_0.70,171.0,-9.219600425270787,1.857506634653744,5.0,,,,,
load_0.70,172.0,-9.219600425270787,1.857506634653744,5.0,,,,,
load_0.70,173.0,-9.219600425270787,1.857506634653744,5.0,,,,,
load_0.70,174.0,-9.219600425270787,1.857506634653744,5.0,,,,,
load_0.70,175.0,-9.219600425270787,1.857506634653744,5.0,,,,,
load_0.70,176.0,-9.219600425270787,1.857506634653744,5.0,,,,,
load_0.70,177.0,-9.219600425270787,1.857506634653744,5.0,,,,,
load_0.70,178.0,-9.219600425270787,1.857506634653744,5.0,,,,,
load_0.70,179.0,-9.219600425270787,1.857506634653744,5.0,,,,,
load_0.70,180.0,-9.219600425270787,1.857506634653744,5.0,,,,,
load_0.70,181.0,-9.219600425270787,1.857506634653744,5.0,,,,,
load_0.70,182.0,-10.439268830730631,3.415587377027516,5.0,,,,,
load_0.70,183.0,-9.219600425270787,1.857506634653744,5.0,,,,,
load_0.70,184.0,-9.219600425270787,1.857506634653744,5.0,,,,,
load_0.70,185.0,-10.255907436746693,0.2151073882980654,5.0,,,,,
load_0.70,186.0,-9.219600425270787,1.857506634653744,5.0,,,,,
load_0.70,187.0,-9.219600425270787,1.857506634653744,5.0,,,,,
load_0.70,188.0,-9.219600425270787,1.857506634653744,5.0,,,,,
load_0.70,189.0,-9.219600425270787,1.857506634653744,5.0,,,,,
load_0.70,190.0,-9.219600425270787,1.857506634653744,5.0,,,,,
load_0.70,191.0,-9.219600425270787,1.857506634653744,5.0,,,,,
load_0.70,192.0,-9.219600425270787,1.857506634653744,5.0,,,,,
load_0.70,193.0,-9.219600425270787,1.857506634653744,5.0,,,,,
load_0.70,194.0,-9.219600425270787,1.857506634653744,5.0,,,,,
load_0.70,195.0,-9.219600425270787,1.857506634653744,5.0,,,,,
load_0.70,196.0,-9.219600425270787,1.857506634653744,5.0,,,,,
load_0.70,197.0,-9.219600425270787,1.857506634653744,5.0,,,,,
load_0.70,198.0,-9.219600425270787,1.857506634653744,5.0,,,,,
load_0.70,199.0,-9.219600425270787,1.857506634653744,5.0,,,,,
load_0.70,200.0,-9.219600425270787,1.857506634653744,5.0,,,,,
load_0.90,1.0,-21.73010317941619,8.796446620935315,5.0,,,,,
load_0.90,2.0,-22.244065709438377,5.035422528982802,5.0,,,,,
load_0.90,3.0,-16.156278509960092,5.828836144258374,5.0,,,,,
load_0.90,4.0,-13.20066074593228,2.673105337179907,5.0,,,,,
load_0.90,5.0,-10.958657399594887,4.130894639060883,5.0,,,,,
load_0.90,6.0,-12.020399648012107,2.246517816438656,5.0,,,,,
load_0.90,7.0,-8.771845395730528,1.8962483424092136,5.0,,,,,
load_0.90,8.0,-11.879549776422929,3.672579746529272,5.0,,,,,
load_0.90,9.0,-12.914920916363112,4.080292299800304,5.0,,,,,
load_0.90,10.0,-14.091142184139391,3.636323505740784,5.0,,,,,
load_0.90,11.0,-10.639287627146308,3.4131889569354774,5.0,,,,,
load_0.90,12.0,-11.133535263620866,0.1979814017953871,5.0,,,,,
load_0.90,13.0,-11.336835312085457,2.9719595971991764,5.0,,,,,
load_0.90,14.0,-12.082599020034184,2.2203880517427765,5.0,,,,,
load_0.90,15.0,-9.92965835639182,2.2545702075108927,5.0,,,,,
load_0.90,16.0,-11.704421107543611,3.704852560700127,5.0,,,,,
load_0.90,17.0,-10.525833317621847,1.7433323702571226,5.0,,,,,
load_0.90,18.0,-14.685349693668684,9.399037865954451,5.0,,,,,
load_0.90,19.0,-10.30146417214527,1.5504167208022943,5.0,,,,,
load_0.90,20.0,-16.60283823452358,7.727551842802757,5.0,,,,,
load_0.90,21.0,-14.944866543104942,7.9686343370902,5.0,,,,,
load_0.90,22.0,-10.837194144870292,0.0,5.0,,,,,
load_0.90,23.0,-11.235260048570357,0.6777390305968355,5.0,,,,,
load_0.90,24.0,-10.936812485062344,0.1992366803841015,5.0,,,,,
load_0.90,25.0,-10.837194144870292,0.0,5.0,,,,,
load_0.90,26.0,-10.837194144870292,0.0,5.0,,,,,
load_0.90,27.0,-10.936812485062342,0.1992366803841015,5.0,,,,,
load_0.90,28.0,-12.07180196519458,2.228534989306077,5.0,,,,,
load_0.90,29.0,-10.837194144870292,0.0,5.0,,,,,
load_0.90,30.0,-10.20184583195322,1.495831562903934,5.0,,,,,
load_0.90,31.0,-10.837194144870292,0.0,5.0,,,,,
load_0.90,32.0,-12.07180196519458,2.2285349893060764,5.0,,,,,
load_0.90,33.0,-10.971717551406735,0.1579880930236492,5.0,,,,,
load_0.90,34.0,-16.45568748671799,8.682313779042692,5.0,,,,,
load_0.90,35.0,-12.505994004120042,5.138266299986087,5.0,,,,,
load_0.90,36.0,-10.115538448426356,1.443311392887876,5.0,,,,,
load_0.90,37.0,-12.80816332528046,3.941938360820336,5.0,,,,,
load_0.90,38.0,-13.55887685457761,5.443365419414636,5.0,,,,,
load_0.90,39.0,-10.215156788618405,1.5055309086797868,5.0,,,,,
load_0.90,40.0,-10.86130215637508,0.0482160230095772,5.0,,,,,
load_0.90,41.0,-11.023119868589207,0.2286821287922625,5.0,,,,,
load_0.90,42.0,-13.141342317037113,4.608296344333641,5.0,,,,,
load_0.90,43.0,-10.837194144870292,0.0,5.0,,,,,
load_0.90,44.0,-10.86130215637508,0.0482160230095772,5.0,,,,,
load_0.90,45.0,-10.837194144870292,0.0,5.0,,,,,
load_0.90,46.0,-10.837194144870292,0.0,5.0,,,,,
load_0.90,47.0,-12.374577261105888,3.014857682876172,5.0,,,,,
load_0.90,48.0,-10.92350152839716,0.1726147670537337,5.0,,,,,
load_0.90,49.0,-10.837194144870292,0.0,5.0,,,,,
load_0.90,50.0,-10.92350152839716,0.1726147670537337,5.0,,,,,
load_0.90,51.0,-12.05487421096044,2.1948085200652314,5.0,,,,,
load_0.90,52.0,-9.393882751982416,1.767688226260477,5.0,,,,,
load_0.90,53.0,-10.115538448426356,1.443311392887876,5.0,,,,,
load_0.90,54.0,-10.837194144870292,0.0,5.0,,,,,
load_0.90,55.0,-10.837194144870292,0.0,5.0,,,,,
load_0.90,56.0,-12.377860780977974,3.0813332722153643,5.0,,,,,
load_0.90,57.0,-10.837194144870292,0.0,5.0,,,,,
load_0.90,58.0,-10.837194144870292,0.0,5.0,,,,,
load_0.90,59.0,-10.837194144870292,0.0,5.0,,,,,
load_0.90,60.0,-10.936812485062344,0.1992366803841015,5.0,,,,,
load_0.90,61.0,-12.07180196519458,2.228534989306077,5.0,,,,,
load_0.90,62.0,-12.42216940942725,3.169950529113913,5.0,,,,,
load_0.90,63.0,-12.401968792482766,3.069634294400499,5.0,,,,,
load_0.90,64.0,-10.139646459931145,1.4561139822759532,5.0,,,,,
load_0.90,65.0,-10.837194144870292,0.0,5.0,,,,,
load_0.90,66.0,-10.837194144870292,0.0,5.0,,,,,
load_0.90,67.0,-10.837194144870292,0.0,5.0,,,,,
load_0.90,68.0,-10.837194144870292,0.0,5.0,,,,,
load_0.90,69.0,-10.837194144870292,0.0,5.0,,,,,
load_0.90,70.0,-10.837194144870292,0.0,5.0,,,,,
load_0.90,71.0,-10.837194144870292,0.0,5.0,,,,,
load_0.90,72.0,-10.936812485062342,0.1992366803841015,5.0,,,,,
load_0.90,73.0,-12.601009439703876,3.527630589667166,5.0,,,,,
load_0.90,74.0,-10.837194144870292,0.0,5.0,,,,,
load_0.90,75.0,-16.923170066543662,12.171951843346736,5.0,,,,,
load_0.90,76.0,-10.936812485062344,0.1992366803841015,5.0,,,,,
load_0.90,77.0,-12.655680919457726,3.636973549174867,5.0,,,,,
load_0.90,78.0,-15.898670978546836,10.122953667353086,5.0,,,,,
load_0.90,79.0,-12.894470708807328,3.9023653740219335,5.0,,,,,
load_0.90,80.0,-10.837194144870292,0.0,5.0,,,,,
load_0.90,81.0,-12.3504692496011,3.0265502094616137,5.0,,,,,
load_0.90,82.0,-10.837194144870292,0.0,5.0,,,,,
load_0.90,83.0,-12.374577261105888,3.014857682876172,5.0,,,,,
load_0.90,84.0,-10.837194144870292,0.0,5.0,,,,,
load_0.90,85.0,-14.18920182926855,8.622160164764876,5.0,,,,,
load_0.90,86.0,-10.837194144870292,0.0,5.0,,,,,
load_0.90,87.0,-10.837194144870292,0.0,5.0,,,,,
load_0.90,88.0,-10.936812485062344,0.1992366803841015,5.0,,,,,
load_0.90,89.0,-10.115538448426353,1.443311392887876,5.0,,,,,
load_0.90,90.0,-10.837194144870292,0.0,5.0,,,,,
load_0.90,91.0,-17.569953626630657,9.765278604245283,5.0,,,,,
load_0.90,92.0,-10.837194144870292,0.0,5.0,,,,,
load_0.90,93.0,-10.92350152839716,0.1726147670537337,5.0,,,,,
load_0.90,94.0,-10.837194144870292,0.0,5.0,,,,,
load_0.90,95.0,-10.837194144870292,0.0,5.0,,,,,
load_0.90,96.0,-10.837194144870292,0.0,5.0,,,,,
load_0.90,97.0,-13.55887685457761,5.443365419414636,5.0,,,,,
load_0.90,98.0,-10.837194144870292,0.0,5.0,,,,,
load_0.90,99.0,-10.837194144870292,0.0,5.0,,,,,
load_0.90,100.0,-10.837194144870292,0.0,5.0,,,,,
load_0.90,101.0,-10.92350152839716,0.1726147670537337,5.0,,,,,
load_0.90,102.0,-10.837194144870292,0.0,5.0,,,,,
load_0.90,103.0,-10.837194144870292,0.0,5.0,,,,,
load_0.90,104.0,-10.936812485062344,0.1992366803841015,5.0,,,,,
load_0.90,105.0,-10.837194144870292,0.0,5.0,,,,,
load_0.90,106.0,-10.837194144870292,0.0,5.0,,,,,
load_0.90,107.0,-10.837194144870292,0.0,5.0,,,,,
load_0.90,108.0,-10.837194144870292,0.0,5.0,,,,,
load_0.90,109.0,-10.936812485062342,0.1992366803841015,5.0,,,,,
load_0.90,110.0,-10.837194144870292,0.0,5.0,,,,,
load_0.90,111.0,-10.92350152839716,0.1726147670537337,5.0,,,,,
load_0.90,112.0,-10.837194144870292,0.0,5.0,,,,,
load_0.90,113.0,-10.936812485062344,0.1992366803841015,5.0,,,,,
load_0.90,114.0,-10.837194144870292,0.0,5.0,,,,,
load_0.90,115.0,-10.837194144870292,0.0,5.0,,,,,
load_0.90,116.0,-10.837194144870292,0.0,5.0,,,,,
load_0.90,117.0,-10.837194144870292,0.0,5.0,,,,,
load_0.90,118.0,-10.837194144870292,0.0,5.0,,,,,
load_0.90,119.0,-10.837194144870292,0.0,5.0,,,,,
load_0.90,120.0,-10.837194144870292,0.0,5.0,,,,,
load_0.90,121.0,-10.837194144870292,0.0,5.0,,,,,
load_0.90,122.0,-10.837194144870292,0.0,5.0,,,,,
load_0.90,123.0,-10.837194144870292,0.0,5.0,,,,,
load_0.90,124.0,-10.837194144870292,0.0,5.0,,,,,
load_0.90,125.0,-10.936812485062344,0.1992366803841015,5.0,,,,,
load_0.90,126.0,-10.837194144870292,0.0,5.0,,,,,
load_0.90,127.0,-10.837194144870292,0.0,5.0,,,,,
load_0.90,128.0,-10.115538448426356,1.443311392887876,5.0,,,,,
load_0.90,129.0,-10.837194144870292,0.0,5.0,,,,,
load_0.90,130.0,-10.837194144870292,0.0,5.0,,,,,
load_0.90,131.0,-14.861021534058692,8.047654778376797,5.0,,,,,
load_0.90,132.0,-10.837194144870292,0.0,5.0,,,,,
load_0.90,133.0,-12.3504692496011,3.0265502094616137,5.0,,,,,
load_0.90,134.0,-10.92350152839716,0.1726147670537337,5.0,,,,,
load_0.90,135.0,-10.837194144870292,0.0,5.0,,,,,
load_0.90,136.0,-10.837194144870292,0.0,5.0,,,,,
load_0.90,137.0,-10.837194144870292,0.0,5.0,,,,,
load_0.90,138.0,-10.837194144870292,0.0,5.0,,,,,
load_0.90,139.0,-15.898670978546836,10.122953667353086,5.0,,,,,
load_0.90,140.0,-10.837194144870292,0.0,5.0,,,,,
load_0.90,141.0,-10.92350152839716,0.1726147670537337,5.0,,,,,
load_0.90,142.0,-10.936812485062342,0.1992366803841015,5.0,,,,,
load_0.90,143.0,-10.885410167879868,0.0590523268998785,5.0,,,,,
load_0.90,144.0,-10.837194144870292,0.0,5.0,,,,,
load_0.90,145.0,-10.837194144870292,0.0,5.0,,,,,
load_0.90,146.0,-10.837194144870292,0.0,5.0,,,,,
load_0.90,147.0,-10.115538448426353,1.443311392887876,5.0,,,,,
load_0.90,148.0,-12.446277420932038,3.158241589568308,5.0,,,,,
load_0.90,149.0,-10.837194144870292,0.0,5.0,,,,,
load_0.90,150.0,-10.837194144870292,0.0,5.0,,,,,
load_0.90,151.0,-10.837194144870292,0.0,5.0,,,,,
load_0.90,152.0,-10.837194144870292,0.0,5.0,,,,,
load_0.90,153.0,-10.837194144870292,0.0,5.0,,,,,
load_0.90,154.0,-12.3504692496011,3.0265502094616137,5.0,,,,,
load_0.90,155.0,-10.837194144870292,0.0,5.0,,,,,
load_0.90,156.0,-10.837194144870292,0.0,5.0,,,,,
load_0.90,157.0,-10.837194144870292,0.0,5.0,,,,,
load_0.90,158.0,-10.837194144870292,0.0,5.0,,,,,
load_0.90,159.0,-10.837194144870292,0.0,5.0,,,,,
load_0.90,160.0,-10.837194144870292,0.0,5.0,,,,,
load_0.90,161.0,-10.837194144870292,0.0,5.0,,,,,
load_0.90,162.0,-10.837194144870292,0.0,5.0,,,,,
load_0.90,163.0,-10.837194144870292,0.0,5.0,,,,,
load_0.90,164.0,-10.936812485062344,0.1992366803841015,5.0,,,,,
load_0.90,165.0,-10.837194144870292,0.0,5.0,,,,,
load_0.90,166.0,-10.837194144870292,0.0,5.0,,,,,
load_0.90,167.0,-10.837194144870292,0.0,5.0,,,,,
load_0.90,168.0,-10.115538448426356,1.443311392887876,5.0,,,,,
load_0.90,169.0,-10.837194144870292,0.0,5.0,,,,,
load_0.90,170.0,-10.837194144870292,0.0,5.0,,,,,
load_0.90,171.0,-10.115538448426356,1.443311392887876,5.0,,,,,
load_0.90,172.0,-10.837194144870292,0.0,5.0,,,,,
load_0.90,173.0,-10.837194144870292,0.0,5.0,,,,,
load_0.90,174.0,-10.837194144870292,0.0,5.0,,,,,
load_0.90,175.0,-10.837194144870292,0.0,5.0,,,,,
load_0.90,176.0,-10.837194144870292,0.0,5.0,,,,,
load_0.90,177.0,-10.837194144870292,0.0,5.0,,,,,
load_0.90,178.0,-10.837194144870292,0.0,5.0,,,,,
load_0.90,179.0,-10.837194144870292,0.0,5.0,,,,,
load_0.90,180.0,-10.837194144870292,0.0,5.0,,,,,
load_0.90,181.0,-10.936812485062342,0.1992366803841015,5.0,,,,,
load_0.90,182.0,-10.837194144870292,0.0,5.0,,,,,
load_0.90,183.0,-10.837194144870292,0.0,5.0,,,,,
load_0.90,184.0,-10.837194144870292,0.0,5.0,,,,,
load_0.90,185.0,-12.80816332528046,3.941938360820336,5.0,,,,,
load_0.90,186.0,-10.837194144870292,0.0,5.0,,,,,
load_0.90,187.0,-10.837194144870292,0.0,5.0,,,,,
load_0.90,188.0,-10.837194144870292,0.0,5.0,,,,,
load_0.90,189.0,-10.837194144870292,0.0,5.0,,,,,
load_0.90,190.0,-10.837194144870292,0.0,5.0,,,,,
load_0.90,191.0,-10.837194144870292,0.0,5.0,,,,,
load_0.90,192.0,-10.837194144870292,0.0,5.0,,,,,
load_0.90,193.0,-10.837194144870292,0.0,5.0,,,,,
load_0.90,194.0,-10.837194144870292,0.0,5.0,,,,,
load_0.90,195.0,-10.837194144870292,0.0,5.0,,,,,
load_0.90,196.0,-10.837194144870292,0.0,5.0,,,,,
load_0.90,197.0,-10.837194144870292,0.0,5.0,,,,,
load_0.90,198.0,-10.837194144870292,0.0,5.0,,,,,
load_0.90,199.0,-10.837194144870292,0.0,5.0,,,,,
load_0.90,200.0,-10.837194144870292,0.0,5.0,,,,,
load_1.10,1.0,-23.56768094158855,10.630559409143656,5.0,,,,,
load_1.10,2.0,-85.87584270843833,78.78462865708072,5.0,,,,,
load_1.10,3.0,-24.913540105952716,11.328468158078456,5.0,,,,,
load_1.10,4.0,-13.310944241913422,2.4479177765213382,5.0,,,,,
load_1.10,5.0,-20.393511788197465,4.207613916238574,5.0,,,,,
load_1.10,6.0,-11.701675515649232,0.9596771977824784,5.0,,,,,
load_1.10,7.0,-17.489313074354165,12.75016911725329,5.0,,,,,
load_1.10,8.0,-11.473446375072053,0.8109763199448418,5.0,,,,,
load_1.10,9.0,-15.643829259067562,6.479337786535091,5.0,,,,,
load_1.10,10.0,-18.089732858659087,12.975616523252755,5.0,,,,,
load_1.10,11.0,-11.889167929755711,0.8397788708094271,5.0,,,,,
load_1.10,12.0,-11.309888940257384,0.9596771977824784,5.0,,,,,
load_1.10,13.0,-17.223194853910773,13.39375812887417,5.0,,,,,
load_1.10,14.0,-12.087964921553391,3.123298264159408,5.0,,,,,
load_1.10,15.0,-15.43224513036048,5.370312471221209,5.0,,,,,
load_1.10,16.0,-10.918102364865536,0.7835731507836947,5.0,,,,,
load_1.10,17.0,-47.98485330286288,73.53144685343226,5.0,,,,,
load_1.10,18.0,-11.309888940257384,0.9596771977824784,5.0,,,,,
load_1.10,19.0,-10.918102364865536,0.7835731507836947,5.0,,,,,
load_1.10,20.0,-15.1886559490783,4.34009997291604,5.0,,,,,
load_1.10,21.0,-14.40508279829461,4.898375529037916,5.0,,,,,
load_1.10,22.0,-13.291816826707189,5.531002074466999,5.0,,,,,
load_1.10,23.0,-11.392853794222,0.7616218148157188,5.0,,,,,
load_1.10,24.0,-10.763691504151918,0.4747514293564656,5.0,,,,,
load_1.10,25.0,-10.526315789473689,0.0,5.0,,,,,
load_1.10,26.0,-10.526315789473689,0.0,5.0,,,,,
load_1.10,27.0,-10.763691504151922,0.4747514293564656,5.0,,,,,
load_1.10,28.0,-11.236070660393818,0.8770694449684799,5.0,,,,,
load_1.10,29.0,-10.526315789473689,0.0,5.0,,,,,
load_1.10,30.0,-10.918102364865536,0.7835731507836946,5.0,,,,,
load_1.10,31.0,-10.526315789473689,0.0,5.0,,,,,
load_1.10,32.0,-12.325340636231624,3.039570003959286,5.0,,,,,
load_1.10,33.0,-11.260005639685634,0.987458332763392,5.0,,,,,
load_1.10,34.0,-14.41394027999122,4.816294348487264,5.0,,,,,
load_1.10,35.0,-11.15547807954377,0.8083158823350804,5.0,,,,,
load_1.10,36.0,-10.526315789473689,0.0,5.0,,,,,
load_1.10,37.0,-10.84428408500197,0.6359365910565685,5.0,,,,,
load_1.10,38.0,-11.0226299250074,0.9926282710674216,5.0,,,,,
load_1.10,39.0,-10.526315789473689,0.0,5.0,,,,,
load_1.10,40.0,-11.126148900986582,1.1996662230257875,5.0,,,,,
load_1.10,41.0,-14.02550667691913,5.244903986076815,5.0,,,,,
load_1.10,42.0,-10.844284085001972,0.6359365910565685,5.0,,,,,
load_1.10,43.0,-10.526315789473689,0.0,5.0,,,,,
load_1.10,44.0,-10.526315789473689,0.0,5.0,,,,,
load_1.10,45.0,-13.291816826707189,5.531002074466999,5.0,,,,,
load_1.10,46.0,-10.526315789473689,0.0,5.0,,,,,
load_1.10,47.0,-12.64330893175991,2.915361972129772,5.0,,,,,
load_1.10,48.0,-10.918102364865536,0.7835731507836947,5.0,,,,,
load_1.10,49.0,-10.526315789473689,0.0,5.0,,,,,
load_1.10,50.0,-11.0226299250074,0.9926282710674216,5.0,,,,,
load_1.10,51.0,-12.289995376451492,2.969711773397571,5.0,,,,,
load_1.10,52.0,-10.526315789473689,0.0,5.0,,,,,
load_1.10,53.0,-10.526315789473689,0.0,5.0,,,,,
load_1.10,54.0,-10.918102364865536,0.7835731507836947,5.0,,,,,
load_1.10,55.0,-10.526315789473689,0.0,5.0,,,,,
load_1.10,56.0,-11.806203075791094,1.0623061453972005,5.0,,,,,
load_1.10,57.0,-10.526315789473689,0.0,5.0,,,,,
load_1.10,58.0,-10.526315789473689,0.0,5.0,,,,,
load_1.10,59.0,-10.526315789473689,0.0,5.0,,,,,
load_1.10,60.0,-10.526315789473689,0.0,5.0,,,,,
load_1.10,61.0,-11.444117196514869,1.2091974902286409,5.0,,,,,
load_1.10,62.0,-14.667072429901983,4.244226262744829,5.0,,,,,
load_1.10,63.0,-10.918102364865536,0.7835731507836946,5.0,,,,,
load_1.10,64.0,-12.052619661773258,3.0526077445991437,5.0,,,,,
load_1.10,65.0,-11.126148900986582,1.1996662230257875,5.0,,,,,
load_1.10,66.0,-10.526315789473689,0.0,5.0,,,,,
load_1.10,67.0,-10.526315789473689,0.0,5.0,,,,,
load_1.10,68.0,-10.526315789473689,0.0,5.0,,,,,
load_1.10,69.0,-10.526315789473689,0.0,5.0,,,,,
load_1.10,70.0,-10.526315789473689,0.0,5.0,,,,,
load_1.10,71.0,-10.526315789473689,0.0,5.0,,,,,
load_1.10,72.0,-10.763691504151922,0.4747514293564656,5.0,,,,,
load_1.10,73.0,-12.437380977931843,3.822130376916309,5.0,,,,,
load_1.10,74.0,-10.526315789473689,0.0,5.0,,,,,
load_1.10,75.0,-13.129393366510476,5.206155154073576,5.0,,,,,
load_1.10,76.0,-10.526315789473689,0.0,5.0,,,,,
load_1.10,77.0,-16.00880293901229,6.715086169375333,5.0,,,,,
load_1.10,78.0,-12.05261966177326,3.0526077445991437,5.0,,,,,
load_1.10,79.0,-13.44736166203876,5.084591876988255,5.0,,,,,
load_1.10,80.0,-10.526315789473689,0.0,5.0,,,,,
load_1.10,81.0,-11.126148900986582,1.1996662230257875,5.0,,,,,
load_1.10,82.0,-10.526315789473689,0.0,5.0,,,,,
load_1.10,83.0,-17.332733187675665,13.027507879499089,5.0,,,,,
load_1.10,84.0,-10.526315789473689,0.0,5.0,,,,,
load_1.10,85.0,-12.674548745572082,4.296465912196786,5.0,,,,,
load_1.10,86.0,-10.526315789473689,0.0,5.0,,,,,
load_1.10,87.0,-10.918102364865536,0.7835731507836946,5.0,,,,,
load_1.10,88.0,-10.526315789473689,0.0,5.0,,,,,
load_1.10,89.0,-12.674548745572078,4.296465912196785,5.0,,,,,
load_1.10,90.0,-11.0226299250074,0.9926282710674214,5.0,,,,,
load_1.10,91.0,-14.07538997749088,5.2133501272426175,5.0,,,,,
load_1.10,92.0,-10.526315789473689,0.0,5.0,,,,,
load_1.10,93.0,-10.918102364865536,0.7835731507836947,5.0,,,,,
load_1.10,94.0,-10.526315789473689,0.0,5.0,,,,,
load_1.10,95.0,-10.526315789473689,0.0,5.0,,,,,
load_1.10,96.0,-10.526315789473689,0.0,5.0,,,,,
load_1.10,97.0,-10.918102364865536,0.7835731507836947,5.0,,,,,
load_1.10,98.0,-10.526315789473689,0.0,5.0,,,,,
load_1.10,99.0,-10.526315789473689,0.0,5.0,,,,,
load_1.10,100.0,-10.526315789473689,0.0,5.0,,,,,
load_1.10,101.0,-11.0226299250074,0.9926282710674216,5.0,,,,,
load_1.10,102.0,-10.526315789473689,0.0,5.0,,,,,
load_1.10,103.0,-10.526315789473689,0.0,5.0,,,,,
load_1.10,104.0,-10.763691504151918,0.4747514293564656,5.0,,,,,
load_1.10,105.0,-10.526315789473689,0.0,5.0,,,,,
load_1.10,106.0,-10.526315789473689,0.0,5.0,,,,,
load_1.10,107.0,-10.526315789473689,0.0,5.0,,,,,
load_1.10,108.0,-10.526315789473689,0.0,5.0,,,,,
load_1.10,109.0,-10.763691504151922,0.4747514293564656,5.0,,,,,
load_1.10,110.0,-10.526315789473689,0.0,5.0,,,,,
load_1.10,111.0,-10.918102364865536,0.7835731507836947,5.0,,,,,
load_1.10,112.0,-10.526315789473689,0.0,5.0,,,,,
load_1.10,113.0,-11.155478079543766,0.8083158823350804,5.0,,,,,
load_1.10,114.0,-10.526315789473689,0.0,5.0,,,,,
load_1.10,115.0,-10.526315789473689,0.0,5.0,,,,,
load_1.10,116.0,-10.526315789473689,0.0,5.0,,,,,
load_1.10,117.0,-10.526315789473689,0.0,5.0,,,,,
load_1.10,118.0,-10.526315789473689,0.0,5.0,,,,,
load_1.10,119.0,-10.526315789473689,0.0,5.0,,,,,
load_1.10,120.0,-10.526315789473689,0.0,5.0,,,,,
load_1.10,121.0,-10.526315789473689,0.0,5.0,,,,,
load_1.10,122.0,-10.918102364865536,0.7835731507836947,5.0,,,,,
load_1.10,123.0,-10.526315789473689,0.0,5.0,,,,,
load_1.10,124.0,-10.526315789473689,0.0,5.0,,,,,
load_1.10,125.0,-10.526315789473689,0.0,5.0,,,,,
load_1.10,126.0,-11.126148900986582,1.1996662230257875,5.0,,,,,
load_1.10,127.0,-10.526315789473689,0.0,5.0,,,,,
load_1.10,128.0,-10.526315789473689,0.0,5.0,,,,,
load_1.10,129.0,-10.526315789473689,0.0,5.0,,,,,
load_1.10,130.0,-10.526315789473689,0.0,5.0,,,,,
load_1.10,131.0,-10.84428408500197,0.6359365910565685,5.0,,,,,
load_1.10,132.0,-10.526315789473689,0.0,5.0,,,,,
load_1.10,133.0,-12.674548745572082,4.296465912196786,5.0,,,,,
load_1.10,134.0,-10.526315789473689,0.0,5.0,,,,,
load_1.10,135.0,-11.438135171317228,1.82363876368708,5.0,,,,,
load_1.10,136.0,-10.526315789473689,0.0,5.0,,,,,
load_1.10,137.0,-10.526315789473689,0.0,5.0,,,,,
load_1.10,138.0,-10.526315789473689,0.0,5.0,,,,,
load_1.10,139.0,-17.09535747299743,13.138083367047493,5.0,,,,,
load_1.10,140.0,-10.526315789473689,0.0,5.0,,,,,
load_1.10,141.0,-10.918102364865536,0.7835731507836947,5.0,,,,,
load_1.10,142.0,-10.763691504151922,0.4747514293564656,5.0,,,,,
load_1.10,143.0,-10.763691504151918,0.4747514293564656,5.0,,,,,
load_1.10,144.0,-12.674548745572082,4.296465912196785,5.0,,,,,
load_1.10,145.0,-10.526315789473689,0.0,5.0,,,,,
load_1.10,146.0,-10.526315789473689,0.0,5.0,,,,,
load_1.10,147.0,-10.526315789473689,0.0,5.0,,,,,
load_1.10,148.0,-11.0226299250074,0.9926282710674216,5.0,,,,,
load_1.10,149.0,-12.052619661773258,3.0526077445991437,5.0,,,,,
load_1.10,150.0,-10.526315789473689,0.0,5.0,,,,,
load_1.10,151.0,-10.526315789473689,0.0,5.0,,,,,
load_1.10,152.0,-10.526315789473689,0.0,5.0,,,,,
load_1.10,153.0,-10.526315789473689,0.0,5.0,,,,,
load_1.10,154.0,-10.763691504151922,0.4747514293564656,5.0,,,,,
load_1.10,155.0,-10.526315789473689,0.0,5.0,,,,,
load_1.10,156.0,-10.526315789473689,0.0,5.0,,,,,
load_1.10,157.0,-10.526315789473689,0.0,5.0,,,,,
load_1.10,158.0,-10.526315789473689,0.0,5.0,,,,,
load_1.10,159.0,-10.526315789473689,0.0,5.0,,,,,
load_1.10,160.0,-10.526315789473689,0.0,5.0,,,,,
load_1.10,161.0,-10.526315789473689,0.0,5.0,,,,,
load_1.10,162.0,-10.526315789473689,0.0,5.0,,,,,
load_1.10,163.0,-10.918102364865536,0.7835731507836947,5.0,,,,,
load_1.10,164.0,-10.844284085001972,0.6359365910565685,5.0,,,,,
load_1.10,165.0,-10.526315789473689,0.0,5.0,,,,,
load_1.10,166.0,-10.526315789473689,0.0,5.0,,,,,
load_1.10,167.0,-10.526315789473689,0.0,5.0,,,,,
load_1.10,168.0,-10.526315789473689,0.0,5.0,,,,,
load_1.10,169.0,-10.526315789473689,0.0,5.0,,,,,
load_1.10,170.0,-10.526315789473689,0.0,5.0,,,,,
load_1.10,171.0,-10.526315789473689,0.0,5.0,,,,,
load_1.10,172.0,-10.526315789473689,0.0,5.0,,,,,
load_1.10,173.0,-10.526315789473689,0.0,5.0,,,,,
load_1.10,174.0,-10.526315789473689,0.0,5.0,,,,,
load_1.10,175.0,-10.526315789473689,0.0,5.0,,,,,
load_1.10,176.0,-10.526315789473689,0.0,5.0,,,,,
load_1.10,177.0,-10.526315789473689,0.0,5.0,,,,,
load_1.10,178.0,-10.526315789473689,0.0,5.0,,,,,
load_1.10,179.0,-10.526315789473689,0.0,5.0,,,,,
load_1.10,180.0,-10.526315789473689,0.0,5.0,,,,,
load_1.10,181.0,-10.763691504151922,0.4747514293564656,5.0,,,,,
load_1.10,182.0,-10.526315789473689,0.0,5.0,,,,,
load_1.10,183.0,-10.526315789473689,0.0,5.0,,,,,
load_1.10,184.0,-10.526315789473689,0.0,5.0,,,,,
load_1.10,185.0,-12.052619661773258,3.0526077445991437,5.0,,,,,
load_1.10,186.0,-10.526315789473689,0.0,5.0,,,,,
load_1.10,187.0,-10.526315789473689,0.0,5.0,,,,,
load_1.10,188.0,-10.526315789473689,0.0,5.0,,,,,
load_1.10,189.0,-10.526315789473689,0.0,5.0,,,,,
load_1.10,190.0,-10.526315789473689,0.0,5.0,,,,,
load_1.10,191.0,-10.526315789473689,0.0,5.0,,,,,
load_1.10,192.0,-10.526315789473689,0.0,5.0,,,,,
load_1.10,193.0,-10.526315789473689,0.0,5.0,,,,,
load_1.10,194.0,-10.526315789473689,0.0,5.0,,,,,
load_1.10,195.0,-10.526315789473689,0.0,5.0,,,,,
load_1.10,196.0,-10.526315789473689,0.0,5.0,,,,,
load_1.10,197.0,-10.526315789473689,0.0,5.0,,,,,
load_1.10,198.0,-10.526315789473689,0.0,5.0,,,,,
load_1.10,199.0,-10.526315789473689,0.0,5.0,,,,,
load_1.10,200.0,-10.526315789473689,0.0,5.0,,,,,
0.3,,,,,5.492861070484688,0.6628594692753416,,,
0.5,,,,,7.167029933928849,2.2841290934137444,,,
0.7,,,,,9.50164930224609,1.845922582190267,,,
0.9,,,,,11.428729047195157,0.0879875872749005,,,
1.1,,,,,11.959462220845142,0.4859019494346008,,,
0.3,,,,,,,0.0,0.0,5.0
0.5,,,,,,,0.7379519991343978,1.0907188130836103,5.0
0.7,,,,,,,1.4739261141143278,0.498430946965421,5.0
0.9,,,,,,,1.9079804288735285,2.220446049250313e-16,5.0
1.1,,,,,,,1.8245614035087727,0.0,5.0
